Texto,Categoria,Sentimiento,Column1,Publicación,Edición,Sección,Página,Fecha,Autor,Imagen,IdDocument,Género Publicación,Cobertura,Territorio,País,Tipo de medio,Contenido
"El móvil, siempre cargado",Politica,Negativo,,elperiodico.com,Digital,Economía,http://www.elperiodico.com/es/noticias/economia/minibatt-carga-inalambrica-telefonos-moviles-5888402,12/03/2017 0:00:00,Cristina Martín Valbuena,,00000439-20170312-000078,Información general,Regional,Cataluña,España,Medios digitales,
Col·locada abans de la rebolcada,Politica,Negativo,,elperiodico.cat,Digital,Actualidad / Última Hora,http://www.elperiodico.cat/ca/noticias/societat/sexe-cannabis-fira-spannabis-5890050?utm_source=rss-noticias&utm_medium=feed&utm_campaign=portada,11/03/2017 0:00:00,Ignasi Fortuny,,00046756-20170311-000090,Información general,Regional,Cataluña,España,Medios digitales,
Porro World Congress,Politica,Negativo,,elperiodico.com,Digital,Actualidad / Última Hora,http://www.elperiodico.com/es/noticias/barcelona/unas-40000-personas-asistieron-fin-semana-pasado-feria-spannabis-4039561,11/03/2017 0:00:00,,,00000439-20170311-000125,Información general,Regional,Cataluña,España,Medios digitales,
Vodafone anuncia avances en la capacidad y posibilidades de su red,Tecnologia,Negativo,,elperiodico.com,Digital,Ciencia y Tecnología,http://www.elperiodico.com/es/noticias/tecnologia/vodafone-anuncia-avances-capacidad-posibilidades-red-5888262,11/03/2017 0:00:00,Pilar Enériz,,00000439-20170311-000007,Información general,Regional,Cataluña,España,Medios digitales,
Colocón antes del revolcón,Ciencia,Negativo,,elperiodico.com,Digital,Actualidad / Última Hora,http://www.elperiodico.com/es/noticias/sociedad/sexo-cannabis-feria-spannabis-5890050,11/03/2017 0:00:00,Ignasi Fortuny,,00000439-20170311-000124,Información general,Regional,Cataluña,España,Medios digitales,
Catalunya serà tecnològica o no serà,Politica,Negativo,,elperiodico.cat,Digital,Cartas al director,http://www.elperiodico.cat/ca/entre-tots/participacio/catalunya-sera-tecnologica-sera-120619,09/03/2017 0:00:00,Miquel Leon,,00046756-20170309-000041,Información general,Regional,Cataluña,España,Medios digitales,
Barcelona organizará el primer congreso mundial de blockchain,Politica,Negativo,,elperiodico.com,Digital,Bolsa,http://www.elperiodico.com/es/noticias/economia/barcelona-organizara-primer-congreso-mundial-blockchain-5886794,09/03/2017 0:00:00,Carmen Jané,,00000439-20170309-000238,Información general,Regional,Cataluña,España,Medios digitales,
Cómo nace una estrella,Ciencia,Negativo,,elperiodico.com,Digital,Automovilismo - Automoción,http://www.elperiodico.com/es/motor/noticias/coches/novedades/conectividad-caracter-nuevos-seat-ibiza-leon-cupra-300-salon-ginebra-5886412,09/03/2017 0:00:00,,,00000439-20170309-000202,Información general,Regional,Cataluña,España,Medios digitales,
Salvar la bretxa digital no és gratis,Politica,Negativo,,elperiodico.cat,Digital,Opiniones,http://www.elperiodico.cat/ca/noticias/opinio/salvar-bretxa-digital-gratis-enric-puig-punyet-5880094?utm_source=rss-noticias&utm_medium=feed&utm_campaign=opinio,08/03/2017 0:00:00,Enric Puig,,00046756-20170308-000119,Información general,Regional,Cataluña,España,Medios digitales,
Salvar la brecha digital no es gratis,Politica,Negativo,,elperiodico.com,Digital,Opiniones,http://www.elperiodico.com/es/noticias/opinion/salvar-brecha-digital-gratis-5880094,08/03/2017 0:00:00,,,00000439-20170308-000081,Información general,Regional,Cataluña,España,Medios digitales,
Entender a la 'generación millennial',Politica,Negativo,,elperiodico.com,Digital,Opiniones,http://www.elperiodico.com/es/noticias/opinion/entender-generacion-millennial-5864421,08/03/2017 0:00:00,,,00000439-20170308-000204,Información general,Regional,Cataluña,España,Medios digitales,
Carta de un trabajador del Metro: Negociar no significa rendirse,Vivienda,Negativo,,elperiodico.cat,Digital,Cartas al director,http://www.elperiodico.cat/ca/entre-tots/participacio/carta-trabajador-del-metro-negociar-significa-rendirse-120219,07/03/2017 0:00:00,Francisco Javier Bermúdez Costa,,00046756-20170307-000065,Información general,Regional,Cataluña,España,Medios digitales,
¿Quin balanç fem del Mobile?,Vivienda,Negativo,,elperiodico.cat,Digital,Opiniones,http://www.elperiodico.cat/ca/noticias/opinio/quin-balanc-fem-del-mobile-per-carmina-crusafon-5881979?utm_source=rss-noticias&utm_medium=feed&utm_campaign=opinio,07/03/2017 0:00:00,Carmina Crusafon,,00046756-20170307-000125,Información general,Regional,Cataluña,España,Medios digitales,
"Nápoles-Madrid, 'Got talent' y 'Sense ficció'",Politica,Negativo,,elperiodico.com,Digital,Radio / Televisión,http://www.elperiodico.com/es/noticias/que-echan-en-la-tele/deportes-programas-hoy-tv-martes-7-marzo-2017-5877836,07/03/2017 0:00:00,,,00000439-20170307-000033,Información general,Regional,Cataluña,España,Medios digitales,
Tu coche es un asesino,Ciencia,Negativo,,elperiodico.com,Digital,Automovilismo - Automoción,http://www.elperiodico.com/es/motor/noticias/innovacion/conectividad/wikileaks-advierte-del-potencial-uso-por-parte-cia-del-software-del-coche-conectado-5882564,07/03/2017 0:00:00,Xavier Pérez,,00000439-20170307-000368,Información general,Regional,Cataluña,España,Medios digitales,
¿Qué balance hacemos del Mobile?,Ciencia,Negativo,,elperiodico.com,Digital,Opiniones,http://www.elperiodico.com/es/noticias/opinion/que-balance-hacemos-del-mobile-5881979,07/03/2017 0:00:00,Carmina Crusafon,,00000439-20170307-000209,Información general,Regional,Cataluña,España,Medios digitales,
EL PERIÓDICO sorteja 10 abonaments per al Saló del Còmic,economia,Negativo,,elperiodico.cat,Digital,Actualidad / Última Hora,http://www.elperiodico.cat/ca/noticias/oci-i-cultura/periodico-sortea-abonos-per-salo-del-comic-5879671?utm_source=rss-noticias&utm_medium=feed&utm_campaign=portada,06/03/2017 0:00:00,,,00046756-20170306-000082,Información general,Regional,Cataluña,España,Medios digitales,
La falta de modales en los transportes públicos,Politica,Negativo,,elperiodico.cat,Digital,Cartas al director,http://www.elperiodico.cat/ca/entre-tots/participacio/falta-modales-los-transportes-publicos-119800,06/03/2017 0:00:00,Tània Serra Solé,,00046756-20170306-000043,Información general,Regional,Cataluña,España,Medios digitales,
EL PERIÓDICO sortea 10 abonos para el Salón del Cómic,economia,Negativo,,elperiodico.com,Digital,Actualidad / Última Hora,http://www.elperiodico.com/es/noticias/ocio-y-cultura/periodico-sortea-abonos-para-salon-del-comic-5879671,06/03/2017 0:00:00,,,00000439-20170306-000182,Información general,Regional,Cataluña,España,Medios digitales,
Reed Hastings: Netflix encara és petit en el món d'internet,Politica,Negativo,,elperiodico.cat,Digital,Actualidad / Última Hora,http://www.elperiodico.cat/ca/noticias/tele/reed-hastings-netflix-encara-petit-mon-internet-5874652?utm_source=rss-noticias&utm_medium=feed&utm_campaign=portada,05/03/2017 0:00:00,Carles Planas Bou,,00046756-20170305-000076,Información general,Regional,Cataluña,España,Medios digitales,
"Un colegio de Sabadell, premiado por su iniciativa para implementar la tecnología",Politica,Negativo,,elperiodico.com,Digital,Local,http://www.elperiodico.com/es/noticias/sabadell/colegio-sabadell-premiado-por-iniciativa-para-implementar-tecnologia-5877966,05/03/2017 0:00:00,,,00000439-20170305-000161,Información general,Regional,Cataluña,España,Medios digitales,
"Chester in love', 'Salvados', '30 minuts', 'El objetivo' y 'Trinxeres'",Politica,Negativo,,elperiodico.com,Digital,Actualidad / Última Hora,http://www.elperiodico.com/es/noticias/que-echan-en-la-tele/deportes-programas-hoy-tv-domingo-5-marzo-2017-5869041,05/03/2017 0:00:00,,,00000439-20170305-000055,Información general,Regional,Cataluña,España,Medios digitales,
Reed Hastings: Netflix aún es pequeño en el mundo de internet,Politica,Negativo,,elperiodico.com,Digital,Actualidad / Última Hora,http://www.elperiodico.com/es/noticias/tele/reed-hastings-netflix-aun-pequeno-mundo-internet-5874652,05/03/2017 0:00:00,Carles Planas Bou,,00000439-20170305-000128,Información general,Regional,Cataluña,España,Medios digitales,
El cotxe del futur ja és aquí,economia,Negativo,,elperiodico.cat,Digital,Opiniones,http://www.elperiodico.cat/ca/noticias/opinio/vehicles-intelligents-autonoms-connectivitat-noves-tecnologies-5876695?utm_source=rss-noticias&utm_medium=feed&utm_campaign=opinio,04/03/2017 0:00:00,,,00046756-20170304-000085,Información general,Regional,Cataluña,España,Medios digitales,
Llum verda a la prolongació de la plaça d'Europa fins a Bellvitge,Politica,Negativo,,elperiodico.cat,Digital,Local,http://www.elperiodico.cat/ca/noticias/barcelona/llum-verda-prolongacio-placa-europa-fins-bellvitge-5874698?utm_source=rss-noticias&utm_medium=feed&utm_campaign=barcelona,04/03/2017 0:00:00,Carles Cols,,00046756-20170304-000008,Información general,Regional,Cataluña,España,Medios digitales,
EDITORIAL | El coche del futuro ya está aquí,economia,Negativo,,elperiodico.com,Digital,Actualidad / Última Hora,http://www.elperiodico.com/es/noticias/opinion/vehiculos-inteligentes-autonomos-conectividad-nuevas-tecnologias-5876695,04/03/2017 0:00:00,,,00000439-20170304-000158,Información general,Regional,Cataluña,España,Medios digitales,
Pymes catalanas de Mobile,Vivienda,Negativo,,elperiodico.com,Digital,Economía,http://www.elperiodico.com/es/noticias/economia/pymes-catalanas-mobile-5876336,04/03/2017 0:00:00,,,00000439-20170304-000090,Información general,Regional,Cataluña,España,Medios digitales,
"Mobile World Congress: Barcelona, que bé sona",Politica,Negativo,,elperiodico.cat,Digital,Cartas al director,http://www.elperiodico.cat/ca/entre-tots/participacio/mobile-world-congress-barcelona-que-sona-119819,03/03/2017 0:00:00,Anna Maria Muntada,,00046756-20170303-000027,Información general,Regional,Cataluña,España,Medios digitales,
La nova escola digital,Politica,Negativo,,elperiodico.cat,Digital,Educación,http://www.elperiodico.cat/ca/noticias/opinio/nova-escola-digital-5869423,03/03/2017 0:00:00,Xavier Martínez Celorrio,,00046756-20170303-000126,Información general,Regional,Cataluña,España,Medios digitales,
Revolució digital més humanista,Politica,Negativo,,elperiodico.cat,Digital,Opiniones,http://www.elperiodico.cat/ca/noticias/opinio/revolucio-digital-mes-humanista-5872500?utm_source=rss-noticias&utm_medium=feed&utm_campaign=opinio,03/03/2017 0:00:00,Olga Grau,,00046756-20170303-000005,Información general,Regional,Cataluña,España,Medios digitales,
El rebut del telèfon s'encareix a canvi de més dades,Deportes,Negativo,,elperiodico.cat,Digital,Actualidad / Última Hora,http://www.elperiodico.cat/ca/noticias/mobile-worls-congress/rebut-del-telefon-sencareix-canvi-mes-dades-5872194?utm_source=rss-noticias&utm_medium=feed&utm_campaign=portada,03/03/2017 0:00:00,Josep M. Berengueras,,00046756-20170303-000002,Información general,Regional,Cataluña,España,Medios digitales,
"John Hanke, creador de Pokémon Go: Hemos conseguido que la gente salga de casa",Politica,Negativo,,elperiodico.com,Digital,Ciencia y Tecnología,http://www.elperiodico.com/es/noticias/mobile-world-congress/pokemon-go-novedades-entrevista-john-hanke-5867233,03/03/2017 0:00:00,Josep M. Berengueras,,00000439-20170303-000351,Información general,Regional,Cataluña,España,Medios digitales,
Alcatel lanza un móvil cuya carcasa cambia de color según la notificación recibida,Tecnologia,Negativo,,elperiodico.com,Digital,Ciencia y Tecnología,http://www.elperiodico.com/es/noticias/mobile-world-congress/alcatel-lanza-movil-cuya-carcasa-cambia-color-segun-notificacion-recibida-5871023,03/03/2017 0:00:00,Pilar Enériz,,00000439-20170303-000341,Información general,Regional,Cataluña,España,Medios digitales,
Renée Jiménez: La feria de móviles no es solo para hombres,Politica,Negativo,,elperiodico.com,Digital,Economía,http://www.elperiodico.com/es/noticias/economia/renee-jimenez-women4tech-solo-para-mujeres-5873647,03/03/2017 0:00:00,Cristina Martín Valbuena,,00000439-20170303-000147,Información general,Regional,Cataluña,España,Medios digitales,
Luz verde a la prolongación de la plaza de Europa hasta Bellvitge,Politica,Negativo,,elperiodico.com,Digital,Local,http://www.elperiodico.com/es/noticias/barcelona/luz-verde-prolongacion-plaza-europa-hasta-bellvitge-5874698,03/03/2017 0:00:00,Carles Cols,,00000439-20170303-000285,Información general,Regional,Cataluña,España,Medios digitales,
"España, el segundo país de Europa más caro en banda ancha",Politica,Negativo,,elperiodico.com,Digital,Economía,http://www.elperiodico.com/es/noticias/economia/espana-segundo-pais-con-los-precios-banda-ancha-mas-caros-5873684,03/03/2017 0:00:00,Silvia Martinez,,00000439-20170303-000145,Información general,Regional,Cataluña,España,Medios digitales,
Els robots envaeixen el Mobile World Congress,Politica,Negativo,,elperiodico.cat,Digital,Actualidad / Última Hora,http://www.elperiodico.cat/ca/noticias/mobile-worls-congress/robots-mobile-world-congress-5869655?utm_source=rss-noticias&utm_medium=feed&utm_campaign=portada,02/03/2017 0:00:00,,,00046756-20170302-000041,Información general,Regional,Cataluña,España,Medios digitales,
El 4YFN acaba consolidat com a plataforma global de 'start-ups',Politica,Negativo,,elperiodico.cat,Digital,Actualidad / Última Hora,http://www.elperiodico.cat/ca/noticias/economia/4yfn-acaba-consolidat-plataforma-global-start-ups-5869358?utm_source=rss-noticias&utm_medium=feed&utm_campaign=portada,02/03/2017 0:00:00,Agustí Sala,,00046756-20170302-000012,Información general,Regional,Cataluña,España,Medios digitales,
La confirmació de l'hegemonia de l'MWC,Politica,Negativo,,elperiodico.cat,Digital,Opiniones,http://www.elperiodico.cat/ca/noticias/opinio/confirmacio-lhegemonia-lmwc-editorial-del-periodico-5872444?utm_source=rss-noticias&utm_medium=feed&utm_campaign=opinio,02/03/2017 0:00:00,,,00046756-20170302-000117,Información general,Regional,Cataluña,España,Medios digitales,
El Mobile World Congress 2017 bat tots els rècords amb 108.000 visitants,Politica,Negativo,,elperiodico.cat,Digital,Actualidad / Última Hora,http://www.elperiodico.cat/ca/noticias/mobile-worls-congress/mobile-world-congress-2017-record-5871311?utm_source=rss-noticias&utm_medium=feed&utm_campaign=portada,02/03/2017 0:00:00,Josep M. Berengueras,,00046756-20170302-000079,Información general,Regional,Cataluña,España,Medios digitales,
Les 'foques connectades' busquen descobrir què les està matant,Politica,Negativo,,elperiodico.cat,Digital,Actualidad / Última Hora,http://www.elperiodico.cat/ca/noticias/mobile-worls-congress/foques-connectades-mobile-world-congress-5866126?utm_source=rss-noticias&utm_medium=feed&utm_campaign=portada,02/03/2017 0:00:00,Josep M. Berengueras,,00046756-20170302-000052,Información general,Regional,Cataluña,España,Medios digitales,
"La T-Mobilitat, una tomadura de pelo",Politica,Negativo,,elperiodico.cat,Digital,Cartas al director,http://www.elperiodico.cat/ca/entre-tots/participacio/t-mobilitat-una-tomadura-pelo-119580,02/03/2017 0:00:00,Pepe Pacheco De Mota,,00046756-20170302-000065,Información general,Regional,Cataluña,España,Medios digitales,
Tecnologia en masculí,Tecnologia,Negativo,,elperiodico.cat,Digital,Actualidad / Última Hora,http://www.elperiodico.cat/ca/noticias/economia/tecnologia-masculi-5872051?utm_source=rss-noticias&utm_medium=feed&utm_campaign=portada,02/03/2017 0:00:00,Agustí Sala,,00046756-20170302-000126,Información general,Regional,Cataluña,España,Medios digitales,
Victòria del Barça amb la gorra,Politica,Negativo,,elperiodico.cat,Digital,Deportes,http://www.elperiodico.cat/ca/noticias/barca/barcelona-sporting-cronica-resultat-lliga-5869311?utm_source=rss-noticias&utm_medium=feed&utm_campaign=barca,02/03/2017 0:00:00,Joan Domènech,,00046756-20170302-000001,Información general,Regional,Cataluña,España,Medios digitales,
Las 'focas conectadas' buscan descubrir qué las está matando,Politica,Negativo,,elperiodico.com,Digital,Actualidad / Última Hora,http://www.elperiodico.com/es/noticias/mobile-world-congress/focas-conectadas-mobile-world-congress-5866126,02/03/2017 0:00:00,Josep M. Berengueras,,00000439-20170302-000087,Información general,Regional,Cataluña,España,Medios digitales,
El MWC cierra con récord de 108.000 visitantes,Economia,Negativo,,elperiodico.com,Digital,Actualidad / Última Hora,http://www.elperiodico.com/es/noticias/mobile-world-congress/mobile-world-congress-2017-record-5871311,02/03/2017 0:00:00,Josep M. Berengueras,,00000439-20170302-000200,Información general,Regional,Cataluña,España,Medios digitales,
EDITORIAL | La confirmación de la hegemonía del MWC,Politica,Negativo,,elperiodico.com,Digital,Actualidad / Última Hora,http://www.elperiodico.com/es/noticias/opinion/confirmacion-hegemonia-del-mwc-editorial-periodico-5872444,02/03/2017 0:00:00,,,00000439-20170302-000324,Información general,Regional,Cataluña,España,Medios digitales,
Revolución digital más humanista,Vivienda,Negativo,,elperiodico.com,Digital,Opiniones,http://www.elperiodico.com/es/noticias/opinion/revolucion-digital-mas-humanista-5872500,02/03/2017 0:00:00,Olga Grau,,00000439-20170302-000335,Información general,Regional,Cataluña,España,Medios digitales,
El recibo del teléfono se encarece a cambio de más datos para internet,Vivienda,Negativo,,elperiodico.com,Digital,Actualidad / Última Hora,http://www.elperiodico.com/es/noticias/mobile-world-congress/movistar-vodafone-orange-factura-telefono-sube-precio-5872194,02/03/2017 0:00:00,Josep M. Berengueras,,00000439-20170302-000284,Información general,Regional,Cataluña,España,Medios digitales,
Dani Sordo presenta el MWC17 la cuarta generación de móviles Innjoo,Politica,Negativo,,elperiodico.com,Digital,Actualidad / Última Hora,http://www.elperiodico.com/es/noticias/mobile-world-congress/dani-sordo-presenta-mwc17-cuarta-generacion-moviles-innjoo-5870623,02/03/2017 0:00:00,Pilar Enériz,,00000439-20170302-000088,Información general,Regional,Cataluña,España,Medios digitales,
Tecnología en masculino,Tecnologia,Negativo,,elperiodico.com,Digital,Economía,http://www.elperiodico.com/es/noticias/economia/tecnologia-masculino-5872051,02/03/2017 0:00:00,,,00000439-20170302-000270,Información general,Regional,Cataluña,España,Medios digitales,
El Mobile World Congress deixa l'Sporting sense hotel a Barcelona,Politica,Negativo,,elperiodico.cat,Digital,Deportes,http://www.elperiodico.cat/ca/noticias/esports/mobile-world-congress-deixa-lsporting-sense-hotel-barcelona-5868472?utm_source=rss-noticias&utm_medium=feed&utm_campaign=esports,01/03/2017 0:00:00,,,00046756-20170301-000088,Información general,Regional,Cataluña,España,Medios digitales,
Els taxistes denuncien l'augment de l'intrusisme durant el Mobile World Congress,Politica,Negativo,,elperiodico.cat,Digital,Actualidad / Última Hora,http://www.elperiodico.cat/ca/noticias/barcelona/taxistes-denuncien-augment-intrusisme-durant-mobile-world-congress-5868856?utm_source=rss-noticias&utm_medium=feed&utm_campaign=portada,01/03/2017 0:00:00,,,00046756-20170301-000097,Información general,Regional,Cataluña,España,Medios digitales,
La T-Mobilitat es començarà a implantar a finals del 2018,Ciencia,Negativo,,elperiodico.cat,Digital,Actualidad / Última Hora,http://www.elperiodico.cat/ca/noticias/societat/-t-mobilitat-comencara-implantar-se-finals-2018-5868143?utm_source=rss-noticias&utm_medium=feed&utm_campaign=portada,01/03/2017 0:00:00,Carmen Jané,,00046756-20170301-000042,Información general,Regional,Cataluña,España,Medios digitales,
Els avenços que conquisten els joves,Politica,Negativo,,elperiodico.cat,Digital,Economía,http://www.elperiodico.cat/ca/noticias/economia/futur-del-mobile-5865771?utm_source=rss-noticias&utm_medium=feed&utm_campaign=economia,01/03/2017 0:00:00,Carmen Jané,,00046756-20170301-000030,Información general,Regional,Cataluña,España,Medios digitales,
Gabinet polític 'Marhuinda',Politica,Negativo,,elperiodico.cat,Digital,Cultura - Ocio,http://www.elperiodico.cat/ca/noticias/oci-i-cultura/gabinet-politic-marhuinda-5867042,01/03/2017 0:00:00,Ferran Monegal,,00046756-20170301-000008,Información general,Regional,Cataluña,España,Medios digitales,
Vodafone apuja preus entre 3 i 5 euros a canvi de més megues,Politica,Negativo,,elperiodico.cat,Digital,Actualidad / Última Hora,http://www.elperiodico.cat/ca/noticias/mobile-worls-congress/vodafone-pujada-preus-dades-mobile-5868769?utm_source=rss-noticias&utm_medium=feed&utm_campaign=portada,01/03/2017 0:00:00,Josep M. Berengueras,,00046756-20170301-000099,Información general,Regional,Cataluña,España,Medios digitales,
MWC: Cada cop més tecnològics i menys humanitaris,Politica,Negativo,,elperiodico.cat,Digital,Cartas al director,http://www.elperiodico.cat/ca/entre-tots/participacio/cada-cop-mes-tecnologics-menys-humanitaris-119441,01/03/2017 0:00:00,Joan Masdemont,,00046756-20170301-000054,Información general,Regional,Cataluña,España,Medios digitales,
"Mòbils, gogós i Dom Pérignon",Vivienda,Negativo,,elperiodico.cat,Digital,Local,http://www.elperiodico.cat/ca/noticias/barcelona/barcelonejant-festa-nocturna-mobile-world-congress-sala-eclipse-hotel-vela-5869757?utm_source=rss-noticias&utm_medium=feed&utm_campaign=barcelona,01/03/2017 0:00:00,Mauricio Bernal,,00046756-20170301-000138,Información general,Regional,Cataluña,España,Medios digitales,
Netflix reduirà el consum de dades de l'usuari el 50% mantenint la qualitat,Politica,Negativo,,elperiodico.cat,Digital,Actualidad / Última Hora,http://www.elperiodico.cat/ca/noticias/mobile-worls-congress/netflix-reduccio-consum-dades-mobil-5869421?utm_source=rss-noticias&utm_medium=feed&utm_campaign=portada,01/03/2017 0:00:00,Josep M. Berengueras,,00046756-20170301-000127,Información general,Regional,Cataluña,España,Medios digitales,
Los robots invaden la feria de móviles,Politica,Negativo,,elperiodico.com,Digital,Actualidad / Última Hora,http://www.elperiodico.com/es/noticias/mobile-world-congress/robots-mobile-world-congress-5869655,01/03/2017 0:00:00,,,00000439-20170301-000300,Información general,Regional,Cataluña,España,Medios digitales,
El 4YFN acaba consolidado como plataforma global de 'start-ups',Politica,Negativo,,elperiodico.com,Digital,Economía,http://www.elperiodico.com/es/noticias/economia/4yfn-acaba-consolidado-como-plataforma-global-start-ups-5869358,01/03/2017 0:00:00,,,00000439-20170301-000361,Información general,Regional,Cataluña,España,Medios digitales,
Vodafone sube precios entre 3 y 5 euros a cambio de más megas,Economia,Negativo,,elperiodico.com,Digital,Economía,http://www.elperiodico.com/es/noticias/mobile-world-congress/vodafone-subida-precios-datos-mobile-5868769,01/03/2017 0:00:00,,,00000439-20170301-000176,Información general,Regional,Cataluña,España,Medios digitales,
El Mobile World Congress deja al Sporting sin hotel en Barcelona,Politica,Negativo,,elperiodico.com,Digital,Actualidad / Última Hora,http://www.elperiodico.com/es/noticias/deportes/mobile-world-congress-deja-sporting-sin-hotel-barcelona-5868472,01/03/2017 0:00:00,,,00000439-20170301-000149,Información general,Regional,Cataluña,España,Medios digitales,
Friki-educadores' para la generación digital,Politica,Negativo,,elperiodico.com,Digital,Bolsa,http://www.elperiodico.com/es/noticias/mobile-world-congress/educadores-generacion-gitial-yomo-5869856,01/03/2017 0:00:00,Carmen Jané,,00000439-20170301-000326,Información general,Regional,Cataluña,España,Medios digitales,
Los taxistas denuncian el aumento del intrusismo durante el Mobile World Congress,economia,Negativo,,elperiodico.com,Digital,Local,http://www.elperiodico.com/es/noticias/barcelona/taxistas-denuncian-aumento-intrusismo-durante-mobile-world-congress-5868856,01/03/2017 0:00:00,,,00000439-20170301-000208,Información general,Regional,Cataluña,España,Medios digitales,
Las 10 primeras 'start-ups' de Numa Barcelona se estrenan,Vivienda,Negativo,,elperiodico.com,Digital,Economía,http://www.elperiodico.com/es/noticias/economia/las-primeras-start-ups-numa-barcelona-estrenan-4yfn-5868745,01/03/2017 0:00:00,,,00000439-20170301-000177,Información general,Regional,Cataluña,España,Medios digitales,
Netflix reducirá el consumo de datos del usuario el 50% manteniendo la misma calidad,Politica,Negativo,,elperiodico.com,Digital,Economía,http://www.elperiodico.com/es/noticias/mobile-world-congress/netflix-reduccion-consumo-datos-movil-5869421,01/03/2017 0:00:00,,,00000439-20170301-000261,Información general,Regional,Cataluña,España,Medios digitales,
Telefónica presenta una red móvil LTE para situaciones de emergencia,Politica,Negativo,,elperiodico.com,Digital,Actualidad / Última Hora,http://www.elperiodico.com/es/noticias/economia/telefonica-presenta-una-red-movil-lte-para-situaciones-emergencia-5868325,01/03/2017 0:00:00,Josep M. Berengueras,,00000439-20170301-000114,Información general,Regional,Cataluña,España,Medios digitales,
Soluciones de transporte para desplazamientos cortos,Politica,Negativo,,elperiodico.com,Digital,Actualidad / Última Hora,http://www.elperiodico.com/es/noticias/mobile-world-congress/soluciones-transporte-personal-conectado-para-desplazamientos-cortos-5868475,01/03/2017 0:00:00,Pilar Enériz,,00000439-20170301-000145,Información general,Regional,Cataluña,España,Medios digitales,
"Móviles, gogós y Dom Pérignon",Politica,Negativo,,elperiodico.com,Digital,Local,http://www.elperiodico.com/es/noticias/barcelona/barceloneando-fiesta-nocturna-mobile-world-congress-sala-eclipse-hotel-vela-5869757,01/03/2017 0:00:00,Mauricio Bernal,,00000439-20170301-000327,Información general,Regional,Cataluña,España,Medios digitales,
Gabinete político 'Marhuinda',Politica,Negativo,,elperiodico.com,Digital,Opiniones,http://www.elperiodico.com/es/noticias/ocio-y-cultura/gabinete-politico-marhuinda-5867042,01/03/2017 0:00:00,Ferran Monegal,,00000439-20170301-000006,Información general,Regional,Cataluña,España,Medios digitales,
"Xiaomi, el gran ausente del MWC",economia,Negativo,,elperiodico.com,Digital,Actualidad / Última Hora,http://www.elperiodico.com/es/noticias/economia/xiaomi-gran-ausente-del-mwc-5868189,01/03/2017 0:00:00,Eduardo López Alonso,,00000439-20170301-000086,Información general,Regional,Cataluña,España,Medios digitales,
El grafeno exhibe sus potenciales para la industria móvil,Politica,Negativo,,elperiodico.com,Digital,Economía,http://www.elperiodico.com/es/noticias/economia/grafeno-exhibe-sus-potenciales-para-industria-movil-5868570,01/03/2017 0:00:00,Emilia Pérez,,00000439-20170301-000153,Información general,Regional,Cataluña,España,Medios digitales,
Preguntas inquietantes acerca de un fenómeno emergente,Vivienda,Negativo,,elperiodico.com,Digital,Opiniones,http://www.elperiodico.com/es/noticias/opinion/preguntas-inquietantes-acerca-fenomeno-emergente-5869662,01/03/2017 0:00:00,,,00000439-20170301-000320,Información general,Regional,Cataluña,España,Medios digitales,
"Nuevo retraso en el estreno de la T-Mobilitat, que se desplegará en el 2017",Politica,Negativo,,elperiodico.com,Digital,Sociedad,http://www.elperiodico.com/es/noticias/sociedad/nuevo-retraso-sistema-tarifario-t-mobilitat-hasta-2017-5360632,01/03/2017 0:00:00,,,00000439-20170301-000117,Información general,Regional,Cataluña,España,Medios digitales,
Victoria con la gorra del Barça,Ciencia,Negativo,,elperiodico.com,Digital,Deportes,http://www.elperiodico.com/es/noticias/barca/barcelona-sporting-cronica-resultado-liga-5869311,01/03/2017 0:00:00,,,00000439-20170301-000346,Información general,Regional,Cataluña,España,Medios digitales,
La nueva escuela digital,Politica,Negativo,,elperiodico.com,Digital,Opiniones,http://www.elperiodico.com/es/noticias/opinion/nueva-escuela-digital-5869423,01/03/2017 0:00:00,Xavier Martínez Celorrio,,00000439-20170301-000258,Información general,Regional,Cataluña,España,Medios digitales,
Grafeno: el material que revolucionará el mundo,Politica,Negativo,,elperiodico.com,Digital,Economía,http://www.elperiodico.com/es/noticias/economia/que-grafeno-material-revolucionara-mundo-caracteristicas-4932350,01/03/2017 0:00:00,,,00000439-20170301-000151,Información general,Regional,Cataluña,España,Medios digitales,
"BCN, 'innovation friendly'",Economia,Negativo,,elperiodico.cat,Digital,Economía,http://www.elperiodico.cat/ca/noticias/mes-valor/bcn-innovation-friendly-5863931?utm_source=rss-noticias&utm_medium=feed&utm_campaign=mes-valor,28/02/2017 0:00:00,Enric Hernàndez,,00046756-20170228-000022,Información general,Regional,Cataluña,España,Medios digitales,
Els inversors es llancen a la caça de 'start-ups' en el 4YFN,Politica,Negativo,,elperiodico.cat,Digital,Actualidad / Última Hora,http://www.elperiodico.cat/ca/noticias/economia/inversors-caca-start-ups-4yfn-mwc-5866418?utm_source=rss-noticias&utm_medium=feed&utm_campaign=portada,28/02/2017 0:00:00,Agustí Sala,,00046756-20170228-000131,Información general,Regional,Cataluña,España,Medios digitales,
"Emprenedoria tecnològica, l'imant del Mobile",Vivienda,Negativo,,elperiodico.cat,Digital,Opiniones,http://www.elperiodico.cat/ca/noticias/opinio/mobile-world-congress-mwc-emprenedors-emprenedoria-startup-5867306?utm_source=rss-noticias&utm_medium=feed&utm_campaign=opinio,28/02/2017 0:00:00,Lourdes Muñoz Santamaria,,00046756-20170228-000132,Información general,Regional,Cataluña,España,Medios digitales,
BCN impulsa negocis tecnològics amb impacte social,Politica,Negativo,,elperiodico.cat,Digital,Economía,http://www.elperiodico.cat/ca/noticias/economia/bcn-impulsa-negocis-tecnologics-amb-impacte-social-5865555?utm_source=rss-noticias&utm_medium=feed&utm_campaign=economia,28/02/2017 0:00:00,Agustí Sala,,00046756-20170228-000070,Información general,Regional,Cataluña,España,Medios digitales,
JxSí registra una reforma del reglament del Parlament per agilitzar la desconnexió,Politica,Negativo,,elperiodico.cat,Digital,Política,http://www.elperiodico.cat/ca/noticias/politica/junts-pel-registra-reforma-reglament-parlament-agilitzar-desconnexio-estat-5864586?utm_source=rss-noticias&utm_medium=feed&utm_campaign=politica,28/02/2017 0:00:00,,,00046756-20170228-000001,Información general,Regional,Cataluña,España,Medios digitales,
"Wiko presenta Wim, el seu 'smartphone' màxim de gamma",Politica,Negativo,,elperiodico.cat,Digital,Actualidad / Última Hora,http://www.elperiodico.cat/ca/noticias/mobile-worls-congress/wiko-wim-mobile-5864854?utm_source=rss-noticias&utm_medium=feed&utm_campaign=portada,28/02/2017 0:00:00,Pilar Enériz,,00046756-20170228-000037,Información general,Regional,Cataluña,España,Medios digitales,
¿S'ha d'innovar en innovació?,Tecnologia,Negativo,,elperiodico.cat,Digital,Economía,http://www.elperiodico.cat/ca/noticias/mes-valor/sha-dinnovar-innovacio-5863352?utm_source=rss-noticias&utm_medium=feed&utm_campaign=mes-valor,28/02/2017 0:00:00,Josep Lluís Larriba-Pey,,00046756-20170228-000014,Información general,Regional,Cataluña,España,Medios digitales,
Del vibrador connectat a la pitonissa virtual,Ciencia,Negativo,,elperiodico.cat,Digital,Actualidad / Última Hora,http://www.elperiodico.cat/ca/noticias/economia/del-vibrador-connectat-pitonissa-virtual-5866019?utm_source=rss-noticias&utm_medium=feed&utm_campaign=portada,28/02/2017 0:00:00,Agustí Sala,,00046756-20170228-000123,Información general,Regional,Cataluña,España,Medios digitales,
Tres punts a millorar per escalar posicions,Ciencia,Negativo,,elperiodico.cat,Digital,Economía,http://www.elperiodico.cat/ca/noticias/mes-valor/tres-punts-millorar-per-escalar-posicions-5863449?utm_source=rss-noticias&utm_medium=feed&utm_campaign=mes-valor,28/02/2017 0:00:00,Giacomo A. M. Ponzetto,,00046756-20170228-000023,Información general,Regional,Cataluña,España,Medios digitales,
Del mòbil a la transformació digital: impacte social de l'MWC,Politica,Negativo,,elperiodico.cat,Digital,Opiniones,http://www.elperiodico.cat/ca/noticias/opinio/del-mobil-transformacio-digital-limpacte-social-lmwc-oriol-illa-5866463?utm_source=rss-noticias&utm_medium=feed&utm_campaign=opinio,28/02/2017 0:00:00,Oriol Illa,,00046756-20170228-000102,Información general,Regional,Cataluña,España,Medios digitales,
Apostant per la ciutat innovadora,Politica,Negativo,,elperiodico.cat,Digital,Economía,http://www.elperiodico.cat/ca/noticias/mes-valor/apostant-per-ciutat-innovadora-5863425?utm_source=rss-noticias&utm_medium=feed&utm_campaign=mes-valor,28/02/2017 0:00:00,,,00046756-20170228-000016,Información general,Regional,Cataluña,España,Medios digitales,
"Innovació, emprenedors i ocupació",Economia,Negativo,,elperiodico.cat,Digital,Economía,http://www.elperiodico.cat/ca/noticias/mes-valor/innovacio-emprenedors-ocupacio-5863510?utm_source=rss-noticias&utm_medium=feed&utm_campaign=mes-valor,28/02/2017 0:00:00,,,00046756-20170228-000017,Información general,Regional,Cataluña,España,Medios digitales,
"BCN, ciutat d'oportunitats",Politica,Negativo,,elperiodico.cat,Digital,Economía,http://www.elperiodico.cat/ca/noticias/mes-valor/bcn-ciutat-doportunitats-5863394?utm_source=rss-noticias&utm_medium=feed&utm_campaign=mes-valor,28/02/2017 0:00:00,"Xavier Torra, President Del Centre Tecnològic Eurecat",,00046756-20170228-000015,Información general,Regional,Cataluña,España,Medios digitales,
"Wiko presenta Wim, su 'smartphone' tope de gama",Tecnologia,Negativo,,elperiodico.com,Digital,Actualidad / Última Hora,http://www.elperiodico.com/es/noticias/mobile-world-congress/wiko-wim-mobile-5864854,28/02/2017 0:00:00,Pilar Enériz,,00000439-20170228-000046,Información general,Regional,Cataluña,España,Medios digitales,
ZTE lanza el Blade V8 que llega también con versión lite,Tecnologia,Negativo,,elperiodico.com,Digital,Actualidad / Última Hora,http://www.elperiodico.com/es/noticias/mobile-world-congress/zte-lanza-blade-que-llega-tambien-con-version-lite-5866193,28/02/2017 0:00:00,Pilar Enériz,,00000439-20170228-000200,Información general,Regional,Cataluña,España,Medios digitales,
Los inversores se lanzan a la caza de 'start-ups' en el 4YFN,Politica,Negativo,,elperiodico.com,Digital,Economía,http://www.elperiodico.com/es/noticias/economia/inversores-caza-start-ups-4yfn-mwc-5866418,28/02/2017 0:00:00,,,00000439-20170228-000311,Información general,Regional,Cataluña,España,Medios digitales,
Hisense presenta un 'smartphone' ultrarresistente,Tecnologia,Negativo,,elperiodico.com,Digital,Economía,http://www.elperiodico.com/es/noticias/mobile-world-congress/hisense-presenta-smartphone-ultrarresistente-5865629,28/02/2017 0:00:00,Pilar Enériz,,00000439-20170228-000141,Información general,Regional,Cataluña,España,Medios digitales,
Del móvil a la transformación digital: impacto social del MWC,Ciencia,Negativo,,elperiodico.com,Digital,Opiniones,http://www.elperiodico.com/es/noticias/opinion/del-movil-transformacion-digital-impacto-social-del-mwc-5866463,28/02/2017 0:00:00,,,00000439-20170228-000238,Información general,Regional,Cataluña,España,Medios digitales,
"Emprendeduría tecnológica, el imán del Mobile",economia,Negativo,,elperiodico.com,Digital,Economía,http://www.elperiodico.com/es/noticias/opinion/mobile-world-congress-mwc-emprendedores-emprendeduria-startup-5867306,28/02/2017 0:00:00,,,00000439-20170228-000337,Información general,Regional,Cataluña,España,Medios digitales,
Los móviles ya se pueden cargar totalmente en 20 minutos,Politica,Negativo,,elperiodico.com,Digital,Economía,http://www.elperiodico.com/es/noticias/mobile-world-congress/los-moviles-pueden-cargar-totalmente-minutos-5865714,28/02/2017 0:00:00,Pilar Enériz,,00000439-20170228-000140,Información general,Regional,Cataluña,España,Medios digitales,
BCN impulsa negocios tecnológicos con impacto social,Tecnologia,Negativo,,elperiodico.com,Digital,Economía,http://www.elperiodico.com/es/noticias/economia/bcn-impulsa-negocios-tecnologicos-con-impacto-social-5865555,28/02/2017 0:00:00,,,00000439-20170228-000104,Información general,Regional,Cataluña,España,Medios digitales,
El futuro del Mobile,economia,Negativo,,elperiodico.com,Digital,Economía,http://www.elperiodico.com/es/noticias/economia/futuro-del-mobile-5865771,28/02/2017 0:00:00,Carmen Jané,,00000439-20170228-000144,Información general,Regional,Cataluña,España,Medios digitales,
BMW a control remoto,Deportes,Negativo,,elperiodico.com,Digital,Automovilismo - Automoción,http://www.elperiodico.com/es/motor/noticias/innovacion/conectividad/bmw-presenta-barcelona-servicio-bmw-connected-5865566,28/02/2017 0:00:00,Amaia Torras,,00000439-20170228-000155,Información general,Regional,Cataluña,España,Medios digitales,
La realidad virtual toma el Mobile,Politica,Negativo,,elperiodico.com,Digital,Economía,http://www.elperiodico.com/es/noticias/economia/realidad-virtual-toma-mobile-5867082,28/02/2017 0:00:00,Carmen Jané,,00000439-20170228-000313,Información general,Regional,Cataluña,España,Medios digitales,
¿Hay que innovar en innovación?,Tecnologia,Negativo,,elperiodico.com,Digital,Economía,http://www.elperiodico.com/es/noticias/mas-valor/hay-que-innovar-innovacion-larriba-pey-upc-5863352,28/02/2017 0:00:00,Josep Lluís Larriba-Pey,,00000439-20170228-000008,Información general,Regional,Cataluña,España,Medios digitales,
Tres puntos a mejorar para escalar posiciones,Ciencia,Negativo,,elperiodico.com,Digital,Economía,http://www.elperiodico.com/es/noticias/mas-valor/tres-puntos-mejorar-para-escalar-posiciones-giacomo-ponzetto-5863449,28/02/2017 0:00:00,Giacomo A.,,00000439-20170228-000017,Información general,Regional,Cataluña,España,Medios digitales,
"John Hanke, creador de Pokémon Go: ¿Hemos conseguido que la gente salga de casa?",Politica,Negativo,,elperiodico.com,Digital,Actualidad / Última Hora,http://www.elperiodico.com/es/noticias/mobile-world-capital/pokemon-go-novedades-entrevista-john-hanke-5867233,28/02/2017 0:00:00,Josep M. Berengueras,,00000439-20170228-000334,Información general,Regional,Cataluña,España,Medios digitales,
Apostando por la ciudad innovadora,Politica,Negativo,,elperiodico.com,Digital,Economía,http://www.elperiodico.com/es/noticias/mas-valor/apostando-por-ciudad-innovadora-montserrat-pareja-5863425,28/02/2017 0:00:00,Montserrat Pareja-Eastaway,,00000439-20170228-000016,Información general,Regional,Cataluña,España,Medios digitales,
"Innovación, emprendedores y empleo",Tecnologia,Negativo,,elperiodico.com,Digital,Economía,http://www.elperiodico.com/es/noticias/mas-valor/innovacion-emprendedores-empleo-prats-siota-iese-5863510,28/02/2017 0:00:00,,,00000439-20170228-000010,Información general,Regional,Cataluña,España,Medios digitales,
"Barcelona, ciudad de oportunidades",Politica,Negativo,,elperiodico.com,Digital,Economía,http://www.elperiodico.com/es/noticias/mas-valor/barcelona-ciudad-oportunidades-xavier-torra-eurecat-5863394,28/02/2017 0:00:00,Xavier Torra,,00000439-20170228-000009,Información general,Regional,Cataluña,España,Medios digitales,
El 4YFN comença amb un nou rècord de participants,Politica,Negativo,,elperiodico.cat,Digital,Actualidad / Última Hora,http://www.elperiodico.cat/ca/noticias/economia/nou-record-de-start-ups-en-4yfn-al-mercat-de-mwc-5859633?utm_source=rss-noticias&utm_medium=feed&utm_campaign=portada,27/02/2017 0:00:00,Agustí Sala,,00046756-20170227-000060,Información general,Regional,Cataluña,España,Medios digitales,
El 4YFN congrega gairebé un 40% més de 'start-ups' i s'expandeix fins a San Francisco,Politica,Negativo,,elperiodico.cat,Digital,Economía,http://www.elperiodico.cat/ca/noticias/economia/4yfn-congrega-gairebe-mes-start-ups-sexpandeix-fins-san-francisco-5864401?utm_source=rss-noticias&utm_medium=feed&utm_campaign=economia,27/02/2017 0:00:00,Agustí Sala,,00046756-20170227-000110,Información general,Regional,Cataluña,España,Medios digitales,
El creador de Netflix defensa que ha ajudat a reduir la pirateria,Politica,Negativo,,elperiodico.cat,Digital,Actualidad / Última Hora,http://www.elperiodico.cat/ca/noticias/mobile-worls-congress/netflix-mobile-world-congress-barcelona-2017-5864601?utm_source=rss-noticias&utm_medium=feed&utm_campaign=portada,27/02/2017 0:00:00,Josep M. Berengueras,,00046756-20170227-000129,Información general,Regional,Cataluña,España,Medios digitales,
La imparable digitalització del mercat laboral,Ciencia,Negativo,,elperiodico.cat,Digital,Opiniones,http://www.elperiodico.cat/ca/noticias/opinio/imparable-digitalitzacio-del-mercat-laboral-juan-francisco-jimenez-5864284?utm_source=rss-noticias&utm_medium=feed&utm_campaign=opinio,27/02/2017 0:00:00,Juan Francisco Jiménez,,00046756-20170227-000120,Información general,Regional,Cataluña,España,Medios digitales,
La fira de mòbils de Barcelona defineix les tecnologies del futur,Politica,Negativo,,elperiodico.cat,Digital,Actualidad / Última Hora,http://www.elperiodico.cat/ca/noticias/mobile-worls-congress/mwc-2017-tecnologia-futur-5862607?utm_source=rss-noticias&utm_medium=feed&utm_campaign=portada,27/02/2017 0:00:00,Josep M. Berengueras,,00046756-20170227-000008,Información general,Regional,Cataluña,España,Medios digitales,
"El triomf per sorpresa de 'Moonlight' en els Oscars i altres notícies que has de saber avui, en un minut",Politica,Negativo,,elperiodico.cat,Digital,Sociedad,http://www.elperiodico.cat/ca/noticias/societat/noticies-avui-27-febrer-2017-5862842?utm_source=rss-noticias&utm_medium=feed&utm_campaign=societat,27/02/2017 0:00:00,,,00046756-20170227-000036,Información general,Regional,Cataluña,España,Medios digitales,
"MWC 17: Xperia XZ Premium, un dispositiu més que 'premium'",Ciencia,Negativo,,elperiodico.cat,Digital,Actualidad / Última Hora,http://www.elperiodico.cat/ca/noticias/mobile-worls-congress/mwc17-sony-xperia-xz-premium-5863231?utm_source=rss-noticias&utm_medium=feed&utm_campaign=portada,27/02/2017 0:00:00,Josep M. Berengueras,,00046756-20170227-000047,Información general,Regional,Cataluña,España,Medios digitales,
Talls de trànsit a la Gran Via per una protesta estudiantil,Politica,Negativo,,elperiodico.cat,Digital,Actualidad / Última Hora,http://www.elperiodico.cat/ca/noticias/barcelona/talls-transit-gran-via-protesta-estudiantil-5863023?utm_source=rss-noticias&utm_medium=feed&utm_campaign=portada,27/02/2017 0:00:00,,,00046756-20170227-000022,Información general,Regional,Cataluña,España,Medios digitales,
Transformar-se o morir,Politica,Negativo,,elperiodico.cat,Digital,Opiniones,http://www.elperiodico.cat/ca/noticias/opinio/transformar-se-morir-5864444?utm_source=rss-noticias&utm_medium=feed&utm_campaign=opinio,27/02/2017 0:00:00,Albert Sáez,,00046756-20170227-000118,Información general,Regional,Cataluña,España,Medios digitales,
El Mobile impulsa els cotxes connectats i a la carta,Politica,Negativo,,elperiodico.cat,Digital,Actualidad / Última Hora,http://www.elperiodico.cat/ca/noticias/economia/mobile-world-congress-mwc-telefons-mobils-cotxe-connectat-tendencies-novetats-5863899?utm_source=rss-noticias&utm_medium=feed&utm_campaign=portada,27/02/2017 0:00:00,"Toni Fuentes, Josep M. Berengueras",,00046756-20170227-000127,Información general,Regional,Cataluña,España,Medios digitales,
Resum del dia zero de l'MWC: Nokia ho torna a intentar,Deportes,Negativo,,elperiodico.cat,Digital,Actualidad / Última Hora,http://www.elperiodico.cat/ca/noticias/mobile-worls-congress/mwc-2017-resum-primer-dia-nokia-5862488?utm_source=rss-noticias&utm_medium=feed&utm_campaign=portada,27/02/2017 0:00:00,Josep M. Berengueras,,00046756-20170227-000006,Información general,Regional,Cataluña,España,Medios digitales,
La crida de Felip VI a la lleialtat institucional sedueix la premsa no independentista,Politica,Negativo,,elperiodico.cat,Digital,Política,http://www.elperiodico.cat/ca/noticias/politica/premsa-avui-27-febrer-2017-5862891?utm_source=rss-noticias&utm_medium=feed&utm_campaign=politica,27/02/2017 0:00:00,Javier Martínez,,00046756-20170227-000017,Información general,Regional,Cataluña,España,Medios digitales,
Iniesta: Hem de creure i creure. Tenim arguments,Vivienda,Negativo,,elperiodico.cat,Digital,Deportes,http://www.elperiodico.cat/ca/noticias/barca/iniesta-pique-arbitres-lliga-champions-paris-sg-luis-enrique-5863813,27/02/2017 0:00:00,Marcos López,,00046756-20170227-000132,Información general,Regional,Cataluña,España,Medios digitales,
IVACE participa en el Mobile World Congress,Politica,Negativo,,elperiodic.com,Digital,Tecnología,http://www.elperiodic.com/valencia/noticias/492101_ivace-participa-mobile-world-congress.html,27/02/2017 0:00:00,,,00000935-20170227-000323,Información general,Regional,Comunidad Valenciana,España,Medios digitales,
El creador de Netflix defiende que ha ayudado a reducir la piratería,Politica,Negativo,,elperiodico.com,Digital,Actualidad / Última Hora,http://www.elperiodico.com/es/noticias/mobile-world-congress/netflix-mobile-world-congress-barcelona-2017-5864601,27/02/2017 0:00:00,Josep M. Berengueras,,00000439-20170227-000294,Información general,Regional,Cataluña,España,Medios digitales,
El futuro se cita en Barcelona,Politica,Negativo,,elperiodico.com,Digital,Automovilismo - Automoción,http://www.elperiodico.com/es/motor/noticias/actualidad/opinion/mobile-world-congress-futuro-barcelona-sector-automovil-motor-5864348,27/02/2017 0:00:00,Xavier Pérez,,00000439-20170227-000275,Información general,Regional,Cataluña,España,Medios digitales,
El 4YFN comienza con un nuevo récord de participantes,Tecnologia,Negativo,,elperiodico.com,Digital,Economía,http://www.elperiodico.com/es/noticias/economia/nuevo-record-start-ups-4yfn-mcardo-del-mwc-5859633,27/02/2017 0:00:00,,,00000439-20170227-000048,Información general,Regional,Cataluña,España,Medios digitales,
La imparable digitalización del mercado laboral,Ciencia,Negativo,,elperiodico.com,Digital,Opiniones,http://www.elperiodico.com/es/noticias/opinion/imparable-digitalizacion-del-mercado-laboral-5864284,27/02/2017 0:00:00,,,00000439-20170227-000229,Información general,Regional,Cataluña,España,Medios digitales,
Bartomeu anuncia el Barça innovation hub,Deportes,Negativo,,elperiodico.com,Digital,Deportes,http://www.elperiodico.com/es/noticias/barca/bartomeu-barca-innovation-hub-mobile-world-congress-5864395,27/02/2017 0:00:00,,,00000439-20170227-000280,Información general,Regional,Cataluña,España,Medios digitales,
El 4YFN congrega casi un 40% más de 'start-ups' y se expande hasta San Francisco,Politica,Negativo,,elperiodico.com,Digital,Economía,http://www.elperiodico.com/es/noticias/economia/4yfn-congrega-casi-mas-start-ups-expande-hasta-san-francisco-5864401,27/02/2017 0:00:00,,,00000439-20170227-000290,Información general,Regional,Cataluña,España,Medios digitales,
Puigdemont pide al Gobierno que se aplique el mensaje del Rey sobre la colaboración,Politica,Negativo,,elperiodico.com,Digital,Actualidad / Última Hora,http://www.elperiodico.com/es/noticias/politica/puigdemont-pide-gobierno-que-aplique-mensaje-del-rey-sobre-colaboracion-entre-instituciones-5864116,27/02/2017 0:00:00,Fidel Masreal,,00000439-20170227-000253,Información general,Regional,Cataluña,España,Medios digitales,
"Xperia XZ Premium, un dispositivo más que prémium",Ciencia,Negativo,,elperiodico.com,Digital,Actualidad / Última Hora,http://www.elperiodico.com/es/noticias/mobile-world-congress/mwc17-sony-xperia-xz-premium-5863231,27/02/2017 0:00:00,Josep M. Berengueras,,00000439-20170227-000061,Información general,Regional,Cataluña,España,Medios digitales,
Coches conectados y a la carta,Politica,Negativo,,elperiodico.com,Digital,Economía,http://www.elperiodico.com/es/noticias/economia/mobile-world-congress-mwc-telefonos-moviles-coche-conectado-tendencias-novedades-5863899,27/02/2017 0:00:00,,,00000439-20170227-000180,Información general,Regional,Cataluña,España,Medios digitales,
Los paquetes llegarán volando,Politica,Negativo,,elperiodico.com,Digital,Automovilismo - Automoción,http://www.elperiodico.com/es/motor/noticias/innovacion/ford-presenta-autolivery-sistema-reparto-autonomo-drones-mobile-world-congress-5863428,27/02/2017 0:00:00,Àlex Soler,,00000439-20170227-000141,Información general,Regional,Cataluña,España,Medios digitales,
Peugeot escribe el futuro en Barcelona,Politica,Negativo,,elperiodico.com,Digital,Automovilismo - Automoción,http://www.elperiodico.com/es/motor/noticias/innovacion/conectividad/peugeot-presenta-mobile-world-congress-sus-lineas-del-futuro-5862990,27/02/2017 0:00:00,Xavier Pérez,,00000439-20170227-000138,Información general,Regional,Cataluña,España,Medios digitales,
Barcelona alerta sobre el discurso del odio en las redes sociales,Politica,Negativo,,elperiodico.com,Digital,Local,http://www.elperiodico.com/es/noticias/barcelona/barcelona-contra-discurso-odio-las-redes-sociales-5864007,27/02/2017 0:00:00,,,00000439-20170227-000248,Información general,Regional,Cataluña,España,Medios digitales,
Conectado y a la carta,Politica,Negativo,,elperiodico.com,Digital,Automovilismo - Automoción,http://www.elperiodico.com/es/motor/noticias/innovacion/conectividad/mobile-world-congress-mwc-telefonos-moviles-coche-conectado-tendencias-novedades-5864138,27/02/2017 0:00:00,,,00000439-20170227-000278,Información general,Regional,Cataluña,España,Medios digitales,
Cortes de tráfico en la Gran Via por una protesta estudiantil,Politica,Negativo,,elperiodico.com,Digital,Actualidad / Última Hora,http://www.elperiodico.com/es/noticias/barcelona/cortes-trafico-gran-via-protesta-estudiantil-5863023,27/02/2017 0:00:00,,,00000439-20170227-000029,Información general,Regional,Cataluña,España,Medios digitales,
Transformarse o morir,Politica,Negativo,,elperiodico.com,Digital,Opiniones,http://www.elperiodico.com/es/noticias/opinion/transformarse-morir-5864444,27/02/2017 0:00:00,Albert Sáez,,00000439-20170227-000268,Información general,Regional,Cataluña,España,Medios digitales,
Vodafone supera las 50 millones de conexiones de dispositivos a la internet de las cosas,Politica,Negativo,,elperiodico.com,Digital,Actualidad / Última Hora,http://www.elperiodico.com/es/noticias/economia/vodafone-supera-las-millones-conexiones-5863161,27/02/2017 0:00:00,Pilar Enériz,,00000439-20170227-000087,Información general,Regional,Cataluña,España,Medios digitales,
Las operadoras de móviles actualizan sus tarifas,Politica,Negativo,,elperiodico.com,Digital,Actualidad / Última Hora,http://www.elperiodico.com/es/noticias/economia/las-operadoras-moviles-actualizan-sus-tarifas-5863270,27/02/2017 0:00:00,,,00000439-20170227-000089,Información general,Regional,Cataluña,España,Medios digitales,
Iniesta: Hay que creer y creer. Tenemos argumentos,Politica,Negativo,,elperiodico.com,Digital,Actualidad / Última Hora,http://www.elperiodico.com/es/noticias/barca/iniesta-pique-arbitros-liga-champions-paris-sg-luis-enrique-5863813,27/02/2017 0:00:00,Marcos López,,00000439-20170227-000168,Información general,Regional,Cataluña,España,Medios digitales,
"MWC 2017: el Mobile World Congress, en directe",Politica,Negativo,,elperiodico.cat,Digital,Actualidad / Última Hora,http://www.elperiodico.cat/ca/noticias/mobile-worls-congress/mwc-2017-directe-5858421?utm_source=rss-noticias&utm_medium=feed&utm_campaign=portada,26/02/2017 0:00:00,Josep M. Berengueras,,00046756-20170226-000033,Información general,Regional,Cataluña,España,Medios digitales,
El Rei i Puigdemont connecten el Mobile per uns minuts,Politica,Negativo,,elperiodico.cat,Digital,Actualidad / Última Hora,http://www.elperiodico.cat/ca/noticias/politica/rei-puigdemont-connecten-mobile-5862566?utm_source=rss-noticias&utm_medium=feed&utm_campaign=portada,26/02/2017 0:00:00,,,00046756-20170226-000089,Información general,Regional,Cataluña,España,Medios digitales,
La consolidació de l'MWC,Politica,Negativo,,elperiodico.cat,Digital,Opiniones,http://www.elperiodico.cat/ca/noticias/opinio/consolidacio-lmwc-5862404?utm_source=rss-noticias&utm_medium=feed&utm_campaign=opinio,26/02/2017 0:00:00,,,00046756-20170226-000076,Información general,Regional,Cataluña,España,Medios digitales,
Un Mobile més femení i jove,Tecnologia,Negativo,,elperiodico.cat,Digital,Opiniones,http://www.elperiodico.cat/ca/noticias/opinio/mobile-mes-femeni-jove-5862276?utm_source=rss-noticias&utm_medium=feed&utm_campaign=opinio,26/02/2017 0:00:00,Carmina Crusafon,,00046756-20170226-000077,Información general,Regional,Cataluña,España,Medios digitales,
"Guardians amb texans, fins i tot quan els congressistes surtin de copes. Així és la seguretat del Mobile",Politica,Negativo,,elperiodico.cat,Digital,Actualidad / Última Hora,http://www.elperiodico.cat/ca/noticias/societat/seguretat-mobile-guardians-texans-nit-copes-congressistes-5859678?utm_source=rss-noticias&utm_medium=feed&utm_campaign=portada,26/02/2017 0:00:00,Guillem Sànchez,,00046756-20170226-000042,Información general,Regional,Cataluña,España,Medios digitales,
"Mas va donar un poder especial a Viloca per als negocis de CDC, diu 'El Mundo'",Vivienda,Negativo,,elperiodico.cat,Digital,Actualidad / Última Hora,http://www.elperiodico.cat/ca/noticias/politica/premsa-avui-26-febrer-2017-5861483?utm_source=rss-noticias&utm_medium=feed&utm_campaign=portada,26/02/2017 0:00:00,Javier Martínez,,00046756-20170226-000028,Información general,Regional,Cataluña,España,Medios digitales,
"Huawei presenta el P10, su nuevo teléfono estrella",Tecnologia,Negativo,,elperiodico.com,Digital,Actualidad / Última Hora,http://www.elperiodico.com/es/noticias/mobile-world-congress/mobile-world-congress-2017-huawei-5862251,26/02/2017 0:00:00,Pilar Enériz,,00000439-20170226-000145,Información general,Regional,Cataluña,España,Medios digitales,
Fechas y entradas de la feria,Politica,Negativo,,elperiodico.com,Digital,Actualidad / Última Hora,http://www.elperiodico.com/es/noticias/mobile-world-congress/mobile-world-congress-2017-fechas-entradas-5858486,26/02/2017 0:00:00,,,00000439-20170226-000035,Información general,Regional,Cataluña,España,Medios digitales,
Samsung anuncia la nueva Galaxy Tab 3,Politica,Negativo,,elperiodico.com,Digital,Actualidad / Última Hora,http://www.elperiodico.com/es/noticias/mobile-world-congress/mwc-2017-mobile-world-congress-samsung-5862405,26/02/2017 0:00:00,Josep M. Berengueras,,00000439-20170226-000165,Información general,Regional,Cataluña,España,Medios digitales,
"MWC 2017: El Mobile World Congress, en directo",Politica,Negativo,,elperiodico.com,Digital,Actualidad / Última Hora,http://www.elperiodico.com/es/noticias/mobile-world-congress/mwc-2017-directo-5858421,26/02/2017 0:00:00,Josep M. Berengueras,,00000439-20170226-000032,Información general,Regional,Cataluña,España,Medios digitales,
Nokia resurge con tres 'smartphones' y el relanzamiento de un clásico,Tecnologia,Negativo,,elperiodico.com,Digital,Actualidad / Última Hora,http://www.elperiodico.com/es/noticias/mobile-world-congress/mwc-2017-mobile-world-congress-nokia-3310-5862365,26/02/2017 0:00:00,Pilar Enériz,,00000439-20170226-000160,Información general,Regional,Cataluña,España,Medios digitales,
"Gigabit Phone de ZTE, internet a 1 Gbps gracias al 5G",Vivienda,Negativo,,elperiodico.com,Digital,Actualidad / Última Hora,http://www.elperiodico.com/es/noticias/mobile-world-congress/mobile-world-congress-2017-zte-gigabit-phone-5g-5860875,26/02/2017 0:00:00,Pilar Enériz,,00000439-20170226-000085,Información general,Regional,Cataluña,España,Medios digitales,
"LG G6 l pantalla de 5,7 pulgadas en un móvil con tamaño de 5,2 pulgadas",Economia,Negativo,,elperiodico.com,Digital,Actualidad / Última Hora,http://www.elperiodico.com/es/noticias/mobile-world-congress/mwc-2017-5861757,26/02/2017 0:00:00,Josep M. Berengueras,,00000439-20170226-000055,Información general,Regional,Cataluña,España,Medios digitales,
El Rey y Puigdemont conectan en el Mobile por unos minutos,Politica,Negativo,,elperiodico.com,Digital,Actualidad / Última Hora,http://www.elperiodico.com/es/noticias/politica/rey-puigdemont-conectan-mobile-5862566,26/02/2017 0:00:00,,,00000439-20170226-000176,Información general,Regional,Cataluña,España,Medios digitales,
Telefónica devuelve a los clientes el control sobre los datos que generan,Politica,Negativo,,elperiodico.com,Digital,Actualidad / Última Hora,http://www.elperiodico.com/es/noticias/mobile-world-congress/telefonica-cuarta-plataforma-5862054,26/02/2017 0:00:00,Josep M. Berengueras,,00000439-20170226-000108,Información general,Regional,Cataluña,España,Medios digitales,
La feria de móviles de Barcelona define las tecnologías del futuro,Politica,Negativo,,elperiodico.com,Digital,Actualidad / Última Hora,http://www.elperiodico.com/es/noticias/mobile-world-congress/mwc-2017-tecnologia-futuro-5862607,26/02/2017 0:00:00,Josep M. Berengueras,,00000439-20170226-000179,Información general,Regional,Cataluña,España,Medios digitales,
Vodafone muestra cómo su 4G gana características de 5G,Deportes,Negativo,,elperiodico.com,Digital,Actualidad / Última Hora,http://www.elperiodico.com/es/noticias/mobile-world-congress/mwc-2017-vodafone-figra-5g-5860957,26/02/2017 0:00:00,Pilar Enériz,,00000439-20170226-000069,Información general,Regional,Cataluña,España,Medios digitales,
Resumen del día cero del MWC: Nokia vuelve a intentarlo,Deportes,Negativo,,elperiodico.com,Digital,Actualidad / Última Hora,http://www.elperiodico.com/es/noticias/mobile-world-congress/mwc-2017-resumen-primer-dia-nokia-5862488,26/02/2017 0:00:00,Josep M. Berengueras,,00000439-20170226-000180,Información general,Regional,Cataluña,España,Medios digitales,
El coche conectado lo sabe todo de ti,Politica,Negativo,,elperiodico.com,Digital,Automovilismo - Automoción,http://www.elperiodico.com/es/motor/noticias/innovacion/conectividad/coche-conectado-connected-car-mobile-mwc-barcelona-datos-big-data-5860909,26/02/2017 0:00:00,Antoni Fuentes,,00000439-20170226-000002,Información general,Regional,Cataluña,España,Medios digitales,
Un Mobile más femenino y joven,Vivienda,Negativo,,elperiodico.com,Digital,Opiniones,http://www.elperiodico.com/es/noticias/opinion/mobile-mas-femenino-joven-5862276,26/02/2017 0:00:00,,,00000439-20170226-000143,Información general,Regional,Cataluña,España,Medios digitales,
Guardianes con tejanos. Así es la seguridad del Mobile,Politica,Negativo,,elperiodico.com,Digital,Actualidad / Última Hora,http://www.elperiodico.com/es/noticias/sociedad/seguridad-mobile-guardianes-tejanos-noche-copas-congresistas-5859678,26/02/2017 0:00:00,Guillem Sànchez,,00000439-20170226-000056,Información general,Regional,Cataluña,España,Medios digitales,
El Brooklyn de Núria Marín,Politica,Negativo,,elperiodico.cat,Digital,Opiniones,http://www.elperiodico.cat/ca/noticias/opinio/brooklyn-nuria-marin-5860389?utm_source=rss-noticias&utm_medium=feed&utm_campaign=opinio,25/02/2017 0:00:00,Olga Grau,,00046756-20170225-000060,Información general,Regional,Cataluña,España,Medios digitales,
"Un proyecto del CIPF, UPV y ApoyoDravet participará en la feria YOMO",Ciencia,Negativo,,elperiodic.com,Digital,Comunidades autónomas y provincias,http://www.elperiodic.com/noticias/491806_proyecto-cipf-apoyodravet-participara-feria-yomo.html,25/02/2017 0:00:00,,,00000935-20170225-000050,Información general,Regional,Comunidad Valenciana,España,Medios digitales,
El Outlet de Viladecans habilita un autobús lanzadera gratuito desde el MWC,Politica,Negativo,,elperiodico.com,Digital,Local,http://www.elperiodico.com/es/noticias/viladecans/outlet-viladecans-habilita-autobus-lanzadera-gratuito-desde-mwc-5860991,25/02/2017 0:00:00,,,00000439-20170225-000172,Información general,Regional,Cataluña,España,Medios digitales,
A un 'smartphone' pegados,Ciencia,Negativo,,elperiodico.com,Digital,Actualidad / Última Hora,http://www.elperiodico.com/es/noticias/opinion/smartphone-pegados-5860301,25/02/2017 0:00:00,"No Te Olvidaremos Nunca, Puri, El Radar",,00000439-20170225-000024,Información general,Regional,Cataluña,España,Medios digitales,
El component humà de cada telèfon mòbil,Politica,Negativo,,elperiodico.cat,Digital,Opiniones,http://www.elperiodico.cat/ca/noticias/opinio/component-huma-cada-telefon-mobil-5859012?utm_source=rss-noticias&utm_medium=feed&utm_campaign=opinio,24/02/2017 0:00:00,Alba Trepat,,00046756-20170224-000087,Información general,Regional,Cataluña,España,Medios digitales,
Llagostes més cares pel Mobile,Politica,Negativo,,elperiodico.cat,Digital,Actualidad / Última Hora,http://www.elperiodico.cat/ca/noticias/mobile-world-capital/llagostes-mes-cares-pel-mobile-5857921?utm_source=rss-noticias&utm_medium=feed&utm_campaign=portada,24/02/2017 0:00:00,,,00046756-20170224-000026,Información general,Regional,Cataluña,España,Medios digitales,
Bol·lards i barreres New Jersey per protegir el Mobile World Congress de Barcelona,Politica,Negativo,,elperiodico.cat,Digital,Sociedad,http://www.elperiodico.cat/ca/noticias/societat/bol-lards-barreres-new-jersey-per-protegir-mobile-world-congress-barcelona-5858563?utm_source=rss-noticias&utm_medium=feed&utm_campaign=societat,24/02/2017 0:00:00,Guillem Sànchez,,00046756-20170224-000078,Información general,Regional,Cataluña,España,Medios digitales,
El cotxe connectat ho sap tot de tu,Politica,Negativo,,elperiodico.cat,Digital,Actualidad / Última Hora,http://www.elperiodico.cat/ca/noticias/economia/cotxe-connectat-connected-car-mobile-mwc-barcelona-dades-big-data-5852255?utm_source=rss-noticias&utm_medium=feed&utm_campaign=portada,24/02/2017 0:00:00,Toni Fuentes,,00046756-20170224-000093,Información general,Regional,Cataluña,España,Medios digitales,
L'agenda del Rei a Barcelona per l'MWC inclou dos actes amb Puigdemont,Deportes,Negativo,,elperiodico.cat,Digital,Política,http://www.elperiodico.cat/ca/noticias/politica/agenda-rei-mwc-dos-actes-puigdemont-5858296?utm_source=rss-noticias&utm_medium=feed&utm_campaign=politica,24/02/2017 0:00:00,,,00046756-20170224-000062,Información general,Regional,Cataluña,España,Medios digitales,
Nits de fins a 14.000 euros a Barcelona durant el Mobile,Deportes,Negativo,,elperiodico.cat,Digital,Local,http://www.elperiodico.cat/ca/noticias/barcelona/congres-mobils-omple-allotjament-barcelona-suites-14000-euros-5856906?utm_source=rss-noticias&utm_medium=feed&utm_campaign=barcelona,24/02/2017 0:00:00,Patricia Castán,,00046756-20170224-000008,Información general,Regional,Cataluña,España,Medios digitales,
El componente humano de cada teléfono móvil,Politica,Negativo,,elperiodico.com,Digital,Opiniones,http://www.elperiodico.com/es/noticias/opinion/componente-humano-cada-telefono-movil-5859012,24/02/2017 0:00:00,,,00000439-20170224-000184,Información general,Regional,Cataluña,España,Medios digitales,
Smartphone sobre ruedas,Politica,Negativo,,elperiodico.com,Digital,Automovilismo - Automoción,http://www.elperiodico.com/es/motor/noticias/innovacion/conectividad/seat-desarrolla-tecnologia-digital-para-coche-conectado-5858026,24/02/2017 0:00:00,Amaia Torras,,00000439-20170224-000105,Información general,Regional,Cataluña,España,Medios digitales,
Bolardos y barreras de hormigón,Politica,Negativo,,elperiodico.com,Digital,Actualidad / Última Hora,http://www.elperiodico.com/es/noticias/sociedad/bolardos-barreras-new-jersey-para-proteger-mobile-world-congress-barcelona-5858563,24/02/2017 0:00:00,Guillem Sànchez,,00000439-20170224-000132,Información general,Regional,Cataluña,España,Medios digitales,
Langostas más caras por el Mobile,Politica,Negativo,,elperiodico.com,Digital,Economía,http://www.elperiodico.com/es/noticias/mobile-world-capital/langostas-mas-caras-por-mobile-5857921,24/02/2017 0:00:00,,,00000439-20170224-000033,Información general,Regional,Cataluña,España,Medios digitales,
El Rey y Puigdemont coincidirán en dos actos en el Mobile,Politica,Negativo,,elperiodico.com,Digital,Actualidad / Última Hora,http://www.elperiodico.com/es/noticias/politica/agenda-rey-mwc-dos-actos-puigdemont-5858296,24/02/2017 0:00:00,,,00000439-20170224-000088,Información general,Regional,Cataluña,España,Medios digitales,
EasyGOband y Cuatroochenta seleccionadas para el Pabellón de España en el Mobile World Congress,Politica,Negativo,,elperiodic.com,Digital,Empresas / Negocios,http://www.elperiodic.com/pcastellon/noticias/491319_easygoband-cuatroochenta-seleccionadas-para-pabell%F3n-espa%F1a-mobile-world-congress.html,23/02/2017 0:00:00,,,00000935-20170223-000105,Información general,Regional,Comunidad Valenciana,España,Medios digitales,
EasyGOband i Cuatroochenta seleccionades per al Pavelló d'Espanya en el Mobile World Congress,Politica,Negativo,,elperiodic.com,Digital,Comunidades autónomas y provincias,http://www.elperiodic.com/pcastellon/noticias/491319_easygoband-cuatroochenta-seleccionades-pavell%F3-despanya-mobile-world-congress.html,23/02/2017 0:00:00,,,00000935-20170223-000084,Información general,Regional,Comunidad Valenciana,España,Medios digitales,
BCN y las empresas tecnológicas se unen contra la brecha digital,Politica,Negativo,,elperiodico.com,Digital,Local,http://www.elperiodico.com/es/noticias/barcelona/barcelona-grandes-empresas-tecnologicas-suman-contra-brecha-digital-5854140,22/02/2017 0:00:00,,,00000439-20170222-000197,Información general,Regional,Cataluña,España,Medios digitales,
La evolución del Mobile World Congres,Ciencia,Negativo,,elperiodico.com,Digital,Economía,http://www.elperiodico.com/es/noticias/economia/evolucion-del-mobile-world-congres-5851491,21/02/2017 0:00:00,,,00000439-20170221-000160,Información general,Regional,Cataluña,España,Medios digitales,
Tejer redes para trabajar juntas,Politica,Negativo,,elperiodico.com,Digital,Economía,http://www.elperiodico.com/es/noticias/economia/tejer-redes-para-trabajar-juntas-5850869,21/02/2017 0:00:00,Cristina Martín Valbuena,,00000439-20170221-000099,Información general,Regional,Cataluña,España,Medios digitales,
"Tu coche, tu mejor amigo",Politica,Negativo,,elperiodico.com,Digital,Automovilismo - Automoción,http://www.elperiodico.com/es/motor/noticias/innovacion/ford-trabaja-mejorar-tecnologia-conectividad-control-voz-5850888,21/02/2017 0:00:00,,,00000439-20170221-000229,Información general,Regional,Cataluña,España,Medios digitales,
Sáenz de Santamaría presideix l'entrega del premi Empresa de l'Any,Vivienda,Negativo,,elperiodico.cat,Digital,Economía,http://www.elperiodico.cat/ca/noticias/economia/saenz-santamaria-presideix-lentrega-del-premi-empresa-lany-5847109?utm_source=rss-noticias&utm_medium=feed&utm_campaign=economia,20/02/2017 0:00:00,,,00046756-20170220-000026,Información general,Regional,Cataluña,España,Medios digitales,
